Ticker;PreÁo Cota (R$);Tipo;DY (%);Dividendo/Cota (R$);P/VP;Patrim. LÌ≠q (R$);N∫ de Cotas;Data
ABCP11;8438;Shoppings;91;777;79;502950000;4709082;10/09/2025
AIEC11;4615;Lajes Corporativas;129;603;59;374251000;4824987;10/09/2025
AJFI11;75;T√≠tulos e Val. Mob.;107;81;62;384211000;31625978;10/09/2025
ALMI11;6920;Lajes Corporativas;63;4388;33;234419000;111177;10/09/2025
ALZR11;100;H√≠brido;95;17;93;1319770000;122266250;10/09/2025
ANCR11;3750;Shoppings;14;535;34;2947370000;26735046;10/09/2025
APTO11;839;H√≠brido;139;109;86;44996200;4612227;10/09/2025
APXM11;8579;H√≠brido;54;425;7;349008000;2829142;10/09/2025
AROA11;101;Outros;74;5;106;159984000;167926832;10/09/2025
ATSA11;4922;Shoppings;30;153;65;133138000;1751141;10/09/2025
AURB11;728;Log√≠stica;6;41;93;70011500;898514;10/09/2025
BARI11;792;T√≠tulos e Val. Mob.;136;1076;87;422775000;4634191;10/09/2025
BBFI11;3490;Lajes Corporativas;0;0;5;90762500;130000;10/09/2025
BBIG11;696;Shoppings;142;10;75;923685000;99120994;10/09/2025
BBRC11;9937;Outros;128;1284;95;166088000;1590000;10/09/2025
BGRB11;10001;Lajes Corporativas;52;484;82;234956000;1932933;10/09/2025
BIME11;695;H√≠brido;151;107;83;49073300;5845602;10/09/2025
BIPD11;10000;T√≠tulos e Val. Mob.;47;4836;98;113223000;110439;10/09/2025
BLCA11;9438;Lajes Corporativas;67;635;73;206442000;1600000;10/09/2025
BLMG11;318;Outros;136;416;45;333107000;4674548;10/09/2025
BLMO11;8395;Lajes Corporativas;70;59;8;104310000;994814;10/09/2025
BLOG11;1008;T√≠tulos e Val. Mob.;49;5;89;346923000;30796704;10/09/2025
BMLC11;9699;H√≠brido;87;846;92;105620000;998405;10/09/2025
BNFS11;7073;Outros;186;1335;91;54689400;700000;10/09/2025
BPML11;7781;H√≠brido;155;1252;62;939187000;7441745;10/09/2025
BRCO11;1088;Log√≠stica;97;1062;92;1874840000;15905133;10/09/2025
BRCR11;4038;H√≠brido;136;556;48;2263420000;26638202;10/09/2025
BRIM11;4610;Residencial;171;13953;124;46084100;124137;10/09/2025
BROF11;5427;H√≠brido;115;637;5;1256900000;11610812;10/09/2025
BTAL11;7679;Outros;130;1026;68;674618000;5982736;10/09/2025
BTHI11;4199;Hotel;106;451;61;632619000;9218512;10/09/2025
BTLG11;990;H√≠brido;94;943;95;4506950000;43249151;10/09/2025
BTRA11;504;Outros;88;445;45;374961000;3364559;10/09/2025
BTSI11;10959;H√≠brido;83;802;94;675582000;5775335;10/09/2025
BTYU11;98;H√≠brido;158;151;97;303618000;30000000;10/09/2025
BVAR11;117471;Outros;58;6954;149;491832000;625540;10/09/2025
CARE11;113;H√≠brido;0;0;16;249882000;35769919;10/09/2025
CBOP11;2299;Lajes Corporativas;43;10;34;95214300;1415000;10/09/2025
CEOC11;419;Lajes Corporativas;130;552;58;132131000;1815696;10/09/2025
CFHI11;3200;Outros;130;534;93;32721000;94600;10/09/2025
CFII11;6500;H√≠brido;173;1537;66;125311000;126319;10/09/2025
CJCT11;6095;Lajes Corporativas;32;194;84;228971000;3140000;10/09/2025
CNES11;123;Lajes Corporativas;64;8;16;258457000;34134825;10/09/2025
CPLG11;1162;Log√≠stica;68;81;121;330738000;34345220;10/09/2025
CPOF11;1085;H√≠brido;79;676;99;523491000;4772405;10/09/2025
CPSH11;934;Shoppings;128;122;8;933385000;79699818;10/09/2025
CPUR11;1029;H√≠brido;98;95;107;598341000;62371135;10/09/2025
CTXT11;536;Lajes Corporativas;0;0;25;100291000;4659606;10/09/2025
CXAG11;7272;Outros;130;886;63;242157000;2090621;10/09/2025
CXCE11;404;Lajes Corporativas;129;526;64;108700000;1712950;10/09/2025
CXCO11;5691;Lajes Corporativas;141;814;59;376983000;3924500;10/09/2025
CXTL11;2850;Log√≠stica;71;2036;71;21573000;53597;10/09/2025
DAMT11;1455;Shoppings;27;4;98;264385000;17779747;10/09/2025
DPRO11;581;H√≠brido;116;68;63;45780600;5003220;10/09/2025
EDFO11;12499;Lajes Corporativas;123;1552;59;49664000;236000;10/09/2025
EDGA11;1468;Lajes Corporativas;57;83;31;177779000;3812055;10/09/2025
ERPA11;12584;Lajes Corporativas;83;1054;79;79894900;500922;10/09/2025
EURO11;23099;Log√≠stica;99;2307;7;126643000;383936;10/09/2025
FAED11;1440;Outros;134;1951;65;153731000;692377;10/09/2025
FATN11;8198;H√≠brido;87;615;83;454399000;4611767;10/09/2025
FCFL11;1250;Outros;82;1042;101;428040000;3474010;10/09/2025
FIGS11;4712;Shoppings;112;534;62;217349000;2850000;10/09/2025
FIIB11;5058;H√≠brido;97;4553;106;325711000;685000;10/09/2025
FIIP11;14939;H√≠brido;112;1688;75;185710000;927162;10/09/2025
FISC11;7499;Lajes Corporativas;78;588;66;194114000;1699996;10/09/2025
FLMA11;13479;H√≠brido;93;1268;61;304635000;1380670;10/09/2025
FLRP11;2015;Shoppings;88;175;99;150341000;7400000;10/09/2025
FMOF11;7202;Lajes Corporativas;50;365;62;58924900;508008;10/09/2025
FPAB11;20601;Lajes Corporativas;73;1517;58;266030000;750000;10/09/2025
FPNG11;4137;Lajes Corporativas;12;426;198;635395000;3043447;10/09/2025
FTCE11;284175;H√≠brido;38;10347;10;3608820000;1269016;10/09/2025
FVPQ11;700;Shoppings;89;633;4;488444000;2800149;10/09/2025
FZDA11;1300;Outros;31;411;72;281086000;1550000;10/09/2025
FZDB11;1350;Outros;30;421;76;642881000;3600000;10/09/2025
GARE11;908;H√≠brido;113;99;101;1325950000;147458223;10/09/2025
GCOI11;989;H√≠brido;0;0;102;10910800;113000;10/09/2025
GCRI11;6267;T√≠tulos e Val. Mob.;164;104;69;131351000;1453859;10/09/2025
GGRC11;957;Log√≠stica;123;10;86;1705210000;152455666;10/09/2025
GLOG11;6363;Log√≠stica;84;537;59;81479200;750000;10/09/2025
GTWR11;7615;Lajes Corporativas;129;995;76;1197360000;12000000;10/09/2025
GZIT11;4354;H√≠brido;211;936;48;1989910000;21841231;10/09/2025
HAAA11;4861;Lajes Corporativas;33;162;73;229711000;3455000;10/09/2025
HBCR11;1300;Lajes Corporativas;121;1611;105;198998000;1600000;10/09/2025
HCRI11;25852;Hospital;123;3202;79;65200700;200000;10/09/2025
HGBL11;85;Log√≠stica;141;86;89;240474000;25135505;10/09/2025
HGBS11;1883;Shoppings;101;19;87;2790290000;129133010;10/09/2025
HGIC11;6758;T√≠tulos e Val. Mob.;153;1049;61;51321000;462706;10/09/2025
HGLG11;1515;Log√≠stica;86;132;93;5498580000;33787575;10/09/2025
HGPO11;13623;Lajes Corporativas;178;52;97;245956000;1753057;10/09/2025
HGRE11;11069;Lajes Corporativas;103;1155;71;1840540000;11817767;10/09/2025
HGRU11;12235;H√≠brido;100;1205;96;2968590000;23238024;10/09/2025
HILG11;18681;Outros;90;1724;91;107619000;526254;10/09/2025
HLOG11;824;Log√≠stica;79;66;75;469334000;42500000;10/09/2025
HOFC11;286;Lajes Corporativas;0;0;44;247631000;3779001;10/09/2025
HOSI11;8449;H√≠brido;89;759;93;52247900;573450;10/09/2025
HPDP11;8966;Shoppings;73;66;97;304675000;3288000;10/09/2025
HSLG11;798;Log√≠stica;103;826;72;1396700000;12660067;10/09/2025
HSML11;7999;Shoppings;106;856;76;2182640000;20808572;10/09/2025
HSRE11;9799;H√≠brido;112;1106;109;798273000;8898724;10/09/2025
HTMX11;13912;Hotel;152;1746;96;418606000;2888094;10/09/2025
HUCG11;10492;Hospital;5;53;101;116190000;1122000;10/09/2025
HUSC11;970;Outros;108;106;65;126475000;850821;10/09/2025
HUSI11;12410;Hospital;82;10204;10;145118000;116362;10/09/2025
HYPI11;1815;H√≠brido;5;96;145;163242000;1306304;10/09/2025
IBBP11;83;Outros;68;57;93;395690000;30528842;10/09/2025
INLG11;7297;Log√≠stica;125;924;73;452001000;4512103;10/09/2025
INRD11;690;Residencial;105;731;58;134149000;1130706;10/09/2025
IRIM11;6613;H√≠brido;151;1009;76;166020000;1920000;10/09/2025
JASC11;985;H√≠brido;76;759;87;394977000;3489342;10/09/2025
JFLL11;6727;Residencial;96;653;63;160366000;1500598;10/09/2025
JPPC11;11412;H√≠brido;63;7506;92;6817700;55000;10/09/2025
JSRE11;6279;H√≠brido;91;576;62;2117040000;20767328;10/09/2025
KEVE11;8500;Residencial;238;11577;148;84657800;147701;10/09/2025
KNHF11;8994;H√≠brido;123;1115;9;1962690000;19663235;10/09/2025
KNIP11;8675;T√≠tulos e Val. Mob.;125;1095;94;7381770000;80078186;10/09/2025
KNRE11;26;Residencial;17;0;39;12410500;18547161;10/09/2025
KNRI11;13713;H√≠brido;87;120;84;4598150000;28204047;10/09/2025
KORE11;7001;T√≠tulos e Val. Mob.;211;150;66;1019570000;9625000;10/09/2025
LAFI11;11635;H√≠brido;114;1085;102;87696900;771287;10/09/2025
LASC11;930;Shoppings;189;126;69;397036000;2940298;10/09/2025
LFTT11;635;Outros;0;0;46;45148200;3265000;10/09/2025
LIFE11;857;Outros;175;137;86;376945000;37901307;10/09/2025
LRDI11;8054;H√≠brido;0;0;97;30805700;370244;10/09/2025
LVBI11;10223;Log√≠stica;93;963;87;1896240000;16118565;10/09/2025
MALL11;10003;H√≠brido;89;871;83;1694870000;13982093;10/09/2025
MAXR11;645;H√≠brido;275;1267;63;115756000;1125655;10/09/2025
MCLO11;106;H√≠brido;60;64;77;1718590000;124642860;10/09/2025
MCRE11;852;T√≠tulos e Val. Mob.;144;126;83;1140900000;111598921;10/09/2025
MFII11;800;H√≠brido;167;1244;77;619001000;5962395;10/09/2025
MGHT11;165;H√≠brido;0;0;61;35816200;1313784;10/09/2025
MXRF11;952;H√≠brido;118;114;10;4148020000;437325297;10/09/2025
NEWL11;10289;H√≠brido;110;114;8;360473000;2817412;10/09/2025
NEWU11;949;H√≠brido;11;102;122;57714700;742000;10/09/2025
NSLU11;17541;Hospital;106;1878;83;271727000;1293286;10/09/2025
NVHO11;1182;Hospital;87;103;71;689116000;41494533;10/09/2025
OBAL11;10950;Residencial;283;3805;95;162555000;141279;10/09/2025
OULG11;3706;Log√≠stica;27;103;6;153009000;2481284;10/09/2025
PATC11;3879;Lajes Corporativas;41;159;94;143317000;3477434;10/09/2025
PATL11;5685;Log√≠stica;121;697;59;482094000;4991535;10/09/2025
PLAG11;4949;Outros;110;536;8;324466000;5221839;10/09/2025
PMLL11;9729;H√≠brido;100;957;8;1694870000;13982093;10/09/2025
PNPR11;490;H√≠brido;0;0;134;32797200;897816;10/09/2025
PNRC11;600;H√≠brido;76;68;143;17198600;410100;10/09/2025
PQAG11;5475;Log√≠stica;101;558;99;775279000;13991890;10/09/2025
PQDP11;243398;Shoppings;96;23531;73;336539000;100561;10/09/2025
PRSV11;3299;Lajes Corporativas;0;0;23;32323400;226766;10/09/2025
PVBI11;745;Lajes Corporativas;85;64;69;2926880000;27130067;10/09/2025
QAGR11;410;Outros;129;53;68;305011000;5040000;10/09/2025
RBCO11;440;Lajes Corporativas;84;372;49;337476000;3779001;10/09/2025
RBDS11;20;Residencial;0;0;11;2342220;126523;10/09/2025
RBIR11;8915;Residencial;80;697;89;152902000;1528615;10/09/2025
RBLG11;380;Log√≠stica;207;786;57;42425000;640199;10/09/2025
RBOP11;21049;Outros;60;127;31;69575700;101664;10/09/2025
RBRL11;8222;Log√≠stica;109;903;78;701052000;6687035;10/09/2025
RBRP11;499;Outros;109;55;65;932084000;12179187;10/09/2025
RBRS11;480;H√≠brido;29;142;5;166303000;1734299;10/09/2025
RBRX11;769;T√≠tulos e Val. Mob.;128;101;79;287992000;29468659;10/09/2025
RBTS11;3500;Outros;75;679;92;21480500;56525;10/09/2025
RBVA11;845;Outros;118;97;79;1659680000;156143050;10/09/2025
RCRB11;1254;Lajes Corporativas;81;1019;62;740716000;3690695;10/09/2025
RECR11;8141;T√≠tulos e Val. Mob.;146;1205;91;2352740000;26441650;10/09/2025
RECT11;310;H√≠brido;138;433;34;776670000;8543493;10/09/2025
RELG11;665;H√≠brido;102;683;79;112189000;1334562;10/09/2025
RMAI11;8179;H√≠brido;73;603;77;260588000;2443800;10/09/2025
RNGO11;4995;Lajes Corporativas;89;449;6;224248000;2676000;10/09/2025
ROOF11;3864;Outros;0;0;94;31957700;77495;10/09/2025
RSPD11;100999;Residencial;118;11869;96;156085000;149011;10/09/2025
RZAT11;8865;H√≠brido;139;1246;87;429143000;4235042;10/09/2025
RZEO11;1930;Outros;237;5582;95;639681000;3152924;10/09/2025
RZTR11;893;T√≠tulos e Val. Mob.;136;1225;92;1821200000;18851720;10/09/2025
RZZR11;1400;Outros;99;1352;79;914322000;5190038;10/09/2025
SARE11;447;H√≠brido;56;25;58;715852000;92343290;10/09/2025
SCPF11;297;H√≠brido;0;0;28;44602100;4200000;10/09/2025
SEQR11;4829;Outros;143;698;52;154768000;1665695;10/09/2025
SHOP11;280;H√≠brido;0;0;86;73658000;2252247;10/09/2025
SHPH11;9800;Shoppings;82;8177;97;617433000;608950;10/09/2025
SNAG11;952;H√≠brido;133;127;93;620589000;60740353;10/09/2025
SNEL11;838;H√≠brido;140;96;103;311114000;38334202;10/09/2025
SNFZ11;975;H√≠brido;81;8;99;61265800;6200000;10/09/2025
SNLG11;135;H√≠brido;7;266;429;796398;2529966;10/09/2025
SNME11;955;H√≠brido;130;128;98;71933800;7418243;10/09/2025
SPTW11;3374;Lajes Corporativas;147;504;58;104784000;1798000;10/09/2025
TELM11;985;H√≠brido;84;84;10;21174400;2147362;10/09/2025
TEPP11;7896;Lajes Corporativas;132;1051;81;411153000;4221967;10/09/2025
TGAR11;844;H√≠brido;148;1266;76;2619550000;23567968;10/09/2025
TJKB11;2500;Lajes Corporativas;140;3191;96;303785000;1164647;10/09/2025
TOPP11;6836;Outros;119;826;65;475018000;4528240;10/09/2025
TORD11;326;H√≠brido;37;12;9;208659000;5841892;10/09/2025
TRBL11;5785;Log√≠stica;132;77;67;671959000;7739092;10/09/2025
TRNT11;970;Lajes Corporativas;0;0;55;696001000;3935562;10/09/2025
TRXB11;14202;H√≠brido;154;2071;136;391074000;3746020;10/09/2025
TRXF11;9707;H√≠brido;135;1331;93;2081230000;20035563;10/09/2025
TSER11;970;Lajes Corporativas;128;1168;99;135643000;1384760;10/09/2025
TSNC11;8272;H√≠brido;0;0;103;87180000;1086780;10/09/2025
TVRI11;9159;Lajes Corporativas;131;1213;88;1654570000;15919690;10/09/2025
VCRR11;630;Log√≠stica;102;65;5;253896000;2000000;10/09/2025
VGRI11;847;T√≠tulos e Val. Mob.;191;164;8;369986000;35021736;10/09/2025
VILG11;8064;Log√≠stica;97;787;72;1686390000;14997396;10/09/2025
VINO11;487;Lajes Corporativas;129;64;48;845429000;82826295;10/09/2025
VISC11;10289;Shoppings;93;965;83;3570560000;28828640;10/09/2025
VIUR11;537;Outros;148;8;61;235535000;26946220;10/09/2025
VRTM11;683;H√≠brido;154;107;74;435302000;46971245;10/09/2025
VSHO11;730;Shoppings;111;82;63;242411000;2098800;10/09/2025
VTLT11;8516;Log√≠stica;134;1154;82;219655000;2115000;10/09/2025
VVMR11;849;H√≠brido;28;236;79;301559000;2823180;10/09/2025
VVRI11;869;H√≠brido;100;887;93;75281400;802683;10/09/2025
VXXV11;7000;Outros;0;0;114;169705000;276446;10/09/2025
WHGR11;861;H√≠brido;130;114;88;301970000;30912379;10/09/2025
WPLZ11;499;Shoppings;96;468;75;77891200;1170000;10/09/2025
WTSP11;555;H√≠brido;199;1293;66;104395000;1238572;10/09/2025
XPCM11;81;Lajes Corporativas;0;0;31;63404800;2414570;10/09/2025
XPIN11;6868;Outros;126;876;66;744290000;7150422;10/09/2025
XPLG11;9798;Log√≠stica;98;956;92;3332660000;31175931;10/09/2025
XPML11;9853;Shoppings;110;1093;84;6658220000;56720787;10/09/2025
ZAGH11;1005;H√≠brido;74;71;106;84492300;8891662;10/09/2025
ZAVI11;8536;H√≠brido;158;1363;63;159179000;1173322;10/09/2025
ABCP11;;Shoppings;18,2;776,5;79;754425000;4710082;10/08/2025
AIEC11;;Lajes Corporativas;25,8;602,5;59;561376500;4825987;10/08/2025
AJFI11;;T√≠tulos e Val. Mob.;21,4;80,5;62;576316500;31626978;10/08/2025
ALMI11;;Lajes Corporativas;12,6;4387,5;33;351628500;112177;10/08/2025
ALZR11;;H√≠brido;19;16,5;93;1979655000;122267250;10/08/2025
ANCR11;;Shoppings;2,8;534,5;34;4421055000;26736046;10/08/2025
APTO11;;H√≠brido;27,8;108,5;86;67494300;4613227;10/08/2025
APXM11;;H√≠brido;10,8;424,5;7;523512000;2830142;10/08/2025
AROA11;;Outros;14,8;4,5;106;239976000;167927832;10/08/2025
ATSA11;;Shoppings;6;152,5;65;199707000;1752141;10/08/2025
AURB11;;Log√≠stica;1,2;40,5;93;105017250;899514;10/08/2025
BARI11;;T√≠tulos e Val. Mob.;27,2;1075,5;87;634162500;4635191;10/08/2025
BBFI11;;Lajes Corporativas;0;-0,5;5;136143750;131000;10/08/2025
BBIG11;;Shoppings;28,4;9,5;75;1385527500;99121994;10/08/2025
BBRC11;;Outros;25,6;1283,5;95;249132000;1591000;10/08/2025
BGRB11;;Lajes Corporativas;10,4;483,5;82;352434000;1933933;10/08/2025
BIME11;;H√≠brido;30,2;106,5;83;73609950;5846602;10/08/2025
BIPD11;;T√≠tulos e Val. Mob.;9,4;4835,5;98;169834500;111439;10/08/2025
BLCA11;;Lajes Corporativas;13,4;634,5;73;309663000;1601000;10/08/2025
BLMG11;;Outros;27,2;415,5;45;499660500;4675548;10/08/2025
BLMO11;;Lajes Corporativas;14;58,5;8;156465000;995814;10/08/2025
BLOG11;;T√≠tulos e Val. Mob.;9,8;4,5;89;520384500;30797704;10/08/2025
BMLC11;;H√≠brido;17,4;845,5;92;158430000;999405;10/08/2025
BNFS11;;Outros;37,2;1334,5;91;82034100;701000;10/08/2025
BPML11;;H√≠brido;31;1251,5;62;1408780500;7442745;10/08/2025
BRCO11;;Log√≠stica;19,4;1061,5;92;2812260000;15906133;10/08/2025
BRCR11;;H√≠brido;27,2;555,5;48;3395130000;26639202;10/08/2025
BRIM11;;Residencial;34,2;13952,5;124;69126150;125137;10/08/2025
BROF11;;H√≠brido;23;636,5;5;1885350000;11611812;10/08/2025
BTAL11;;Outros;26;1025,5;68;1011927000;5983736;10/08/2025
BTHI11;;Hotel;21,2;450,5;61;948928500;9219512;10/08/2025
BTLG11;;H√≠brido;18,8;942,5;95;6760425000;43250151;10/08/2025
BTRA11;;Outros;17,6;444,5;45;562441500;3365559;10/08/2025
BTSI11;;H√≠brido;16,6;801,5;94;1013373000;5776335;10/08/2025
BTYU11;;H√≠brido;31,6;150,5;97;455427000;30001000;10/08/2025
BVAR11;;Outros;11,6;6953,5;149;737748000;626540;10/08/2025
CARE11;;H√≠brido;0;-0,5;16;374823000;35770919;10/08/2025
CBOP11;;Lajes Corporativas;8,6;9,5;34;142821450;1416000;10/08/2025
CEOC11;;Lajes Corporativas;26;551,5;58;198196500;1816696;10/08/2025
CFHI11;;Outros;26;533,5;93;49081500;95600;10/08/2025
CFII11;;H√≠brido;34,6;1536,5;66;187966500;127319;10/08/2025
CJCT11;;Lajes Corporativas;6,4;193,5;84;343456500;3141000;10/08/2025
CNES11;;Lajes Corporativas;12,8;7,5;16;387685500;34135825;10/08/2025
CPLG11;;Log√≠stica;13,6;80,5;121;496107000;34346220;10/08/2025
CPOF11;;H√≠brido;15,8;675,5;99;785236500;4773405;10/08/2025
CPSH11;;Shoppings;25,6;121,5;8;1400077500;79700818;10/08/2025
CPUR11;;H√≠brido;19,6;94,5;107;897511500;62372135;10/08/2025
CTXT11;;Lajes Corporativas;0;-0,5;25;150436500;4660606;10/08/2025
CXAG11;;Outros;26;885,5;63;363235500;2091621;10/08/2025
CXCE11;;Lajes Corporativas;25,8;525,5;64;163050000;1713950;10/08/2025
CXCO11;;Lajes Corporativas;28,2;813,5;59;565474500;3925500;10/08/2025
CXTL11;;Log√≠stica;14,2;2035,5;71;32359500;54597;10/08/2025
DAMT11;;Shoppings;5,4;3,5;98;396577500;17780747;10/08/2025
DPRO11;;H√≠brido;23,2;67,5;63;68670900;5004220;10/08/2025
EDFO11;;Lajes Corporativas;24,6;1551,5;59;74496000;237000;10/08/2025
EDGA11;;Lajes Corporativas;11,4;82,5;31;266668500;3813055;10/08/2025
ERPA11;;Lajes Corporativas;16,6;1053,5;79;119842350;501922;10/08/2025
EURO11;;Log√≠stica;19,8;2306,5;7;189964500;384936;10/08/2025
FAED11;;Outros;26,8;1950,5;65;230596500;693377;10/08/2025
FATN11;;H√≠brido;17,4;614,5;83;681598500;4612767;10/08/2025
FCFL11;;Outros;16,4;1041,5;101;642060000;3475010;10/08/2025
FIGS11;;Shoppings;22,4;533,5;62;326023500;2851000;10/08/2025
FIIB11;;H√≠brido;19,4;4552,5;106;488566500;686000;10/08/2025
FIIP11;;H√≠brido;22,4;1687,5;75;278565000;928162;10/08/2025
FISC11;;Lajes Corporativas;15,6;587,5;66;291171000;1700996;10/08/2025
FLMA11;;H√≠brido;18,6;1267,5;61;456952500;1381670;10/08/2025
FLRP11;;Shoppings;17,6;174,5;99;225511500;7401000;10/08/2025
FMOF11;;Lajes Corporativas;10;364,5;62;88387350;509008;10/08/2025
FPAB11;;Lajes Corporativas;14,6;1516,5;58;399045000;751000;10/08/2025
FPNG11;;Lajes Corporativas;2,4;425,5;198;953092500;3044447;10/08/2025
FTCE11;;H√≠brido;7,6;10346,5;10;5413230000;1270016;10/08/2025
FVPQ11;;Shoppings;17,8;632,5;4;732666000;2801149;10/08/2025
FZDA11;;Outros;6,2;410,5;72;421629000;1551000;10/08/2025
FZDB11;;Outros;6;420,5;76;964321500;3601000;10/08/2025
GARE11;;H√≠brido;22,6;98,5;101;1988925000;147459223;10/08/2025
GCOI11;;H√≠brido;0;-0,5;102;16366200;114000;10/08/2025
GCRI11;;T√≠tulos e Val. Mob.;32,8;103,5;69;197026500;1454859;10/08/2025
GGRC11;;Log√≠stica;24,6;9,5;86;2557815000;152456666;10/08/2025
GLOG11;;Log√≠stica;16,8;536,5;59;122218800;751000;10/08/2025
GTWR11;;Lajes Corporativas;25,8;994,5;76;1796040000;12001000;10/08/2025
GZIT11;;H√≠brido;42,2;935,5;48;2984865000;21842231;10/08/2025
HAAA11;;Lajes Corporativas;6,6;161,5;73;344566500;3456000;10/08/2025
HBCR11;;Lajes Corporativas;24,2;1610,5;105;298497000;1601000;10/08/2025
HCRI11;;Hospital;24,6;3201,5;79;97801050;201000;10/08/2025
HGBL11;;Log√≠stica;28,2;85,5;89;360711000;25136505;10/08/2025
HGBS11;;Shoppings;20,2;18,5;87;4185435000;129134010;10/08/2025
HGIC11;;T√≠tulos e Val. Mob.;30,6;1048,5;61;76981500;463706;10/08/2025
HGLG11;;Log√≠stica;17,2;131,5;93;8247870000;33788575;10/08/2025
HGPO11;;Lajes Corporativas;35,6;51,5;97;368934000;1754057;10/08/2025
HGRE11;;Lajes Corporativas;20,6;1154,5;71;2760810000;11818767;10/08/2025
HGRU11;;H√≠brido;20;1204,5;96;4452885000;23239024;10/08/2025
HILG11;;Outros;18;1723,5;91;161428500;527254;10/08/2025
HLOG11;;Log√≠stica;15,8;65,5;75;704001000;42501000;10/08/2025
HOFC11;;Lajes Corporativas;0;-0,5;44;371446500;3780001;10/08/2025
HOSI11;;H√≠brido;17,8;758,5;93;78371850;574450;10/08/2025
HPDP11;;Shoppings;14,6;65,5;97;457012500;3289000;10/08/2025
HSLG11;;Log√≠stica;20,6;825,5;72;2095050000;12661067;10/08/2025
HSML11;;Shoppings;21,2;855,5;76;3273960000;20809572;10/08/2025
HSRE11;;H√≠brido;22,4;1105,5;109;1197409500;8899724;10/08/2025
HTMX11;;Hotel;30,4;1745,5;96;627909000;2889094;10/08/2025
HUCG11;;Hospital;1;52,5;101;174285000;1123000;10/08/2025
HUSC11;;Outros;21,6;105,5;65;189712500;851821;10/08/2025
HUSI11;;Hospital;16,4;10203,5;10;217677000;117362;10/08/2025
HYPI11;;H√≠brido;1;95,5;145;244863000;1307304;10/08/2025
IBBP11;;Outros;13,6;56,5;93;593535000;30529842;10/08/2025
INLG11;;Log√≠stica;25;923,5;73;678001500;4513103;10/08/2025
INRD11;;Residencial;21;730,5;58;201223500;1131706;10/08/2025
IRIM11;;H√≠brido;30,2;1008,5;76;249030000;1921000;10/08/2025
JASC11;;H√≠brido;15,2;758,5;87;592465500;3490342;10/08/2025
JFLL11;;Residencial;19,2;652,5;63;240549000;1501598;10/08/2025
JPPC11;;H√≠brido;12,6;7505,5;92;10226550;56000;10/08/2025
JSRE11;;H√≠brido;18,2;575,5;62;3175560000;20768328;10/08/2025
KEVE11;;Residencial;47,6;11576,5;148;126986700;148701;10/08/2025
KNHF11;;H√≠brido;24,6;1114,5;9;2944035000;19664235;10/08/2025
KNIP11;;T√≠tulos e Val. Mob.;25;1094,5;94;11072655000;80079186;10/08/2025
KNRE11;;Residencial;3,4;-0,5;39;18615750;18548161;10/08/2025
KNRI11;;H√≠brido;17,4;119,5;84;6897225000;28205047;10/08/2025
KORE11;;T√≠tulos e Val. Mob.;42,2;149,5;66;1529355000;9626000;10/08/2025
LAFI11;;H√≠brido;22,8;1084,5;102;131545350;772287;10/08/2025
LASC11;;Shoppings;37,8;125,5;69;595554000;2941298;10/08/2025
LFTT11;;Outros;0;-0,5;46;67722300;3266000;10/08/2025
LIFE11;;Outros;35;136,5;86;565417500;37902307;10/08/2025
LRDI11;;H√≠brido;0;-0,5;97;46208550;371244;10/08/2025
LVBI11;;Log√≠stica;18,6;962,5;87;2844360000;16119565;10/08/2025
MALL11;;H√≠brido;17,8;870,5;83;2542305000;13983093;10/08/2025
MAXR11;;H√≠brido;55;1266,5;63;173634000;1126655;10/08/2025
MCLO11;;H√≠brido;12;63,5;77;2577885000;124643860;10/08/2025
MCRE11;;T√≠tulos e Val. Mob.;28,8;125,5;83;1711350000;111599921;10/08/2025
MFII11;;H√≠brido;33,4;1243,5;77;928501500;5963395;10/08/2025
MGHT11;;H√≠brido;0;-0,5;61;53724300;1314784;10/08/2025
MXRF11;;H√≠brido;23,6;113,5;10;6222030000;437326297;10/08/2025
NEWL11;;H√≠brido;22;113,5;8;540709500;2818412;10/08/2025
NEWU11;;H√≠brido;2,2;101,5;122;86572050;743000;10/08/2025
NSLU11;;Hospital;21,2;1877,5;83;407590500;1294286;10/08/2025
NVHO11;;Hospital;17,4;102,5;71;1033674000;41495533;10/08/2025
OBAL11;;Residencial;56,6;3804,5;95;243832500;142279;10/08/2025
OULG11;;Log√≠stica;5,4;102,5;6;229513500;2482284;10/08/2025
PATC11;;Lajes Corporativas;8,2;158,5;94;214975500;3478434;10/08/2025
PATL11;;Log√≠stica;24,2;696,5;59;723141000;4992535;10/08/2025
PLAG11;;Outros;22;535,5;8;486699000;5222839;10/08/2025
PMLL11;;H√≠brido;20;956,5;8;2542305000;13983093;10/08/2025
PNPR11;;H√≠brido;0;-0,5;134;49195800;898816;10/08/2025
PNRC11;;H√≠brido;15,2;67,5;143;25797900;411100;10/08/2025
PQAG11;;Log√≠stica;20,2;557,5;99;1162918500;13992890;10/08/2025
PQDP11;;Shoppings;19,2;23530,5;73;504808500;101561;10/08/2025
PRSV11;;Lajes Corporativas;0;-0,5;23;48485100;227766;10/08/2025
PVBI11;;Lajes Corporativas;17;63,5;69;4390320000;27131067;10/08/2025
QAGR11;;Outros;25,8;52,5;68;457516500;5041000;10/08/2025
RBCO11;;Lajes Corporativas;16,8;371,5;49;506214000;3780001;10/08/2025
RBDS11;;Residencial;0;-0,5;11;3513330;127523;10/08/2025
RBIR11;;Residencial;16;696,5;89;229353000;1529615;10/08/2025
RBLG11;;Log√≠stica;41,4;785,5;57;63637500;641199;10/08/2025
RBOP11;;Outros;12;126,5;31;104363550;102664;10/08/2025
RBRL11;;Log√≠stica;21,8;902,5;78;1051578000;6688035;10/08/2025
RBRP11;;Outros;21,8;54,5;65;1398126000;12180187;10/08/2025
RBRS11;;H√≠brido;5,8;141,5;5;249454500;1735299;10/08/2025
RBRX11;;T√≠tulos e Val. Mob.;25,6;100,5;79;431988000;29469659;10/08/2025
RBTS11;;Outros;15;678,5;92;32220750;57525;10/08/2025
RBVA11;;Outros;23,6;96,5;79;2489520000;156144050;10/08/2025
RCRB11;;Lajes Corporativas;16,2;1018,5;62;1111074000;3691695;10/08/2025
RECR11;;T√≠tulos e Val. Mob.;29,2;1204,5;91;3529110000;26442650;10/08/2025
RECT11;;H√≠brido;27,6;432,5;34;1165005000;8544493;10/08/2025
RELG11;;H√≠brido;20,4;682,5;79;168283500;1335562;10/08/2025
RMAI11;;H√≠brido;14,6;602,5;77;390882000;2444800;10/08/2025
RNGO11;;Lajes Corporativas;17,8;448,5;6;336372000;2677000;10/08/2025
ROOF11;;Outros;0;-0,5;94;47936550;78495;10/08/2025
RSPD11;;Residencial;23,6;11868,5;96;234127500;150011;10/08/2025
RZAT11;;H√≠brido;27,8;1245,5;87;643714500;4236042;10/08/2025
RZEO11;;Outros;47,4;5581,5;95;959521500;3153924;10/08/2025
RZTR11;;T√≠tulos e Val. Mob.;27,2;1224,5;92;2731800000;18852720;10/08/2025
RZZR11;;Outros;19,8;1351,5;79;1371483000;5191038;10/08/2025
SARE11;;H√≠brido;11,2;24,5;58;1073778000;92344290;10/08/2025
SCPF11;;H√≠brido;0;-0,5;28;66903150;4201000;10/08/2025
SEQR11;;Outros;28,6;697,5;52;232152000;1666695;10/08/2025
SHOP11;;H√≠brido;0;-0,5;86;110487000;2253247;10/08/2025
SHPH11;;Shoppings;16,4;8176,5;97;926149500;609950;10/08/2025
SNAG11;;H√≠brido;26,6;126,5;93;930883500;60741353;10/08/2025
SNEL11;;H√≠brido;28;95,5;103;466671000;38335202;10/08/2025
SNFZ11;;H√≠brido;16,2;7,5;99;91898700;6201000;10/08/2025
SNLG11;;H√≠brido;1,4;265,5;429;1194597;2530966;10/08/2025
SNME11;;H√≠brido;26;127,5;98;107900700;7419243;10/08/2025
SPTW11;;Lajes Corporativas;29,4;503,5;58;157176000;1799000;10/08/2025
TELM11;;H√≠brido;16,8;83,5;10;31761600;2148362;10/08/2025
TEPP11;;Lajes Corporativas;26,4;1050,5;81;616729500;4222967;10/08/2025
TGAR11;;H√≠brido;29,6;1265,5;76;3929325000;23568968;10/08/2025
TJKB11;;Lajes Corporativas;28;3190,5;96;455677500;1165647;10/08/2025
TOPP11;;Outros;23,8;825,5;65;712527000;4529240;10/08/2025
TORD11;;H√≠brido;7,4;11,5;9;312988500;5842892;10/08/2025
TRBL11;;Log√≠stica;26,4;76,5;67;1007938500;7740092;10/08/2025
TRNT11;;Lajes Corporativas;0;-0,5;55;1044001500;3936562;10/08/2025
TRXB11;;H√≠brido;30,8;2070,5;136;586611000;3747020;10/08/2025
TRXF11;;H√≠brido;27;1330,5;93;3121845000;20036563;10/08/2025
TSER11;;Lajes Corporativas;25,6;1167,5;99;203464500;1385760;10/08/2025
TSNC11;;H√≠brido;0;-0,5;103;130770000;1087780;10/08/2025
TVRI11;;Lajes Corporativas;26,2;1212,5;88;2481855000;15920690;10/08/2025
VCRR11;;Log√≠stica;20,4;64,5;5;380844000;2001000;10/08/2025
VGRI11;;T√≠tulos e Val. Mob.;38,2;163,5;8;554979000;35022736;10/08/2025
VILG11;;Log√≠stica;19,4;786,5;72;2529585000;14998396;10/08/2025
VINO11;;Lajes Corporativas;25,8;63,5;48;1268143500;82827295;10/08/2025
VISC11;;Shoppings;18,6;964,5;83;5355840000;28829640;10/08/2025
VIUR11;;Outros;29,6;7,5;61;353302500;26947220;10/08/2025
VRTM11;;H√≠brido;30,8;106,5;74;652953000;46972245;10/08/2025
VSHO11;;Shoppings;22,2;81,5;63;363616500;2099800;10/08/2025
VTLT11;;Log√≠stica;26,8;1153,5;82;329482500;2116000;10/08/2025
VVMR11;;H√≠brido;5,6;235,5;79;452338500;2824180;10/08/2025
VVRI11;;H√≠brido;20;886,5;93;112922100;803683;10/08/2025
VXXV11;;Outros;0;-0,5;114;254557500;277446;10/08/2025
WHGR11;;H√≠brido;26;113,5;88;452955000;30913379;10/08/2025
WPLZ11;;Shoppings;19,2;467,5;75;116836800;1171000;10/08/2025
WTSP11;;H√≠brido;39,8;1292,5;66;156592500;1239572;10/08/2025
XPCM11;;Lajes Corporativas;0;-0,5;31;95107200;2415570;10/08/2025
XPIN11;;Outros;25,2;875,5;66;1116435000;7151422;10/08/2025
XPLG11;;Log√≠stica;19,6;955,5;92;4998990000;31176931;10/08/2025
XPML11;;Shoppings;22;1092,5;84;9987330000;56721787;10/08/2025
ZAGH11;;H√≠brido;14,8;70,5;106;126738450;8892662;10/08/2025
ZAVI11;;H√≠brido;31,6;1362,5;63;238768500;1174322;10/08/2025
